{
  "version": 1,
  "author": "Gabriel Nascimento",
  "editor": "wokwi",
  "parts": [
    { "type": "wokwi-esp32-devkit-v1", "id": "esp", "top": 41.1, "left": 120.68, "attrs": {} },
    {
      "type": "wokwi-led",
      "id": "led1",
      "top": 55.16,
      "left": 335.26,
      "attrs": { "color": "red" }
    },
    {
      "type": "wokwi-buzzer",
      "id": "bz1",
      "top": 74.52,
      "left": -70.43,
      "attrs": { "volume": "0.1" }
    },
    {
      "type": "wokwi-photoresistor-sensor",
      "id": "ldr1",
      "top": -64.93,
      "left": 67.41,
      "attrs": {}
    },
    {
      "type": "wokwi-led",
      "id": "led2",
      "top": 57.85,
      "left": 285.03,
      "attrs": { "color": "purple" }
    },
    {
      "type": "wokwi-led",
      "id": "led3",
      "top": 128.04,
      "left": 341.43,
      "attrs": { "color": "blue" }
    },
    {
      "type": "wokwi-led",
      "id": "led4",
      "top": 136.07,
      "left": 275.05,
      "attrs": { "color": "white" }
    },
    {
      "type": "wokwi-pushbutton",
      "id": "btn1",
      "top": 260.58,
      "left": 62.92,
      "attrs": { "color": "red" }
    },
    {
      "type": "wokwi-pushbutton",
      "id": "btn2",
      "top": 263.02,
      "left": 228.21,
      "attrs": { "color": "black" }
    }
  ],
  "connections": [
    [ "esp:TX0", "$serialMonitor:RX", "", [] ],
    [ "esp:RX0", "$serialMonitor:TX", "", [] ],
    [ "esp:D34", "led2:A", "red", [ "h0" ] ],
    [ "esp:D13", "led4:A", "red", [ "h0" ] ],
    [ "led2:C", "esp:GND.2", "black", [ "v0" ] ],
    [ "led4:C", "esp:GND.2", "black", [ "v0" ] ],
    [ "led3:A", "esp:D15", "red", [ "v0" ] ],
    [ "led1:A", "esp:D21", "red", [ "v0" ] ],
    [ "led1:C", "esp:GND.1", "black", [ "v0" ] ],
    [ "led3:C", "esp:GND.1", "black", [ "v0" ] ],
    [ "ldr1:VCC", "esp:VIN", "red", [ "h0" ] ],
    [ "ldr1:GND", "esp:GND.1", "black", [ "h0" ] ],
    [ "ldr1:AO", "esp:D32", "green", [ "h0" ] ],
    [ "btn1:2.l", "esp:GND.2", "black", [ "h0" ] ],
    [ "esp:D12", "btn1:1.l", "red", [ "h0" ] ],
    [ "btn2:2.l", "esp:GND.1", "black", [ "h0" ] ],
    [ "btn2:1.l", "esp:D2", "red", [ "h0" ] ],
    [ "bz1:2", "esp:D27", "red", [ "v0" ] ],
    [ "bz1:1", "esp:GND.2", "black", [ "v0" ] ],
    [ "esp:D32", "esp:D25", "green", [ "h0" ] ]
  ]
}